,Media,Positive score,Neutral score,Negative score,Compound score,Date Created,Tweets Ago
0,CNN,0.0,1.0,0.0,0.0,2018-08-29 04:46:00+00:00,0
1,CNN,0.135,0.865,0.0,0.4215,2018-08-29 04:31:01+00:00,-1
2,CNN,0.227,0.619,0.155,0.1027,2018-08-29 04:18:20+00:00,-2
3,CNN,0.0,1.0,0.0,0.0,2018-08-29 04:16:00+00:00,-3
4,CNN,0.259,0.741,0.0,0.6486,2018-08-29 04:02:08+00:00,-4
5,CNN,0.145,0.855,0.0,0.5251,2018-08-29 03:57:01+00:00,-5
6,CNN,0.209,0.791,0.0,0.5719,2018-08-29 03:56:12+00:00,-6
7,CNN,0.149,0.685,0.165,0.1531,2018-08-29 03:55:09+00:00,-7
8,CNN,0.168,0.727,0.105,0.34,2018-08-29 03:46:48+00:00,-8
9,CNN,0.0,0.901,0.099,-0.3182,2018-08-29 03:46:04+00:00,-9
10,CNN,0.07,0.93,0.0,0.128,2018-08-29 03:42:19+00:00,-10
11,CNN,0.0,1.0,0.0,0.0,2018-08-29 03:31:05+00:00,-11
12,CNN,0.139,0.861,0.0,0.2732,2018-08-29 03:16:06+00:00,-12
13,CNN,0.0,0.723,0.277,-0.7845,2018-08-29 03:01:05+00:00,-13
14,CNN,0.0,0.833,0.167,-0.6369,2018-08-29 02:46:08+00:00,-14
15,CNN,0.0,0.873,0.127,-0.4404,2018-08-29 02:31:05+00:00,-15
16,CNN,0.0,1.0,0.0,0.0,2018-08-29 02:16:02+00:00,-16
17,CNN,0.181,0.819,0.0,0.6369,2018-08-29 02:16:00+00:00,-17
18,CNN,0.076,0.763,0.161,-0.2732,2018-08-29 02:03:35+00:00,-18
19,CNN,0.273,0.727,0.0,0.8176,2018-08-29 01:53:37+00:00,-19
20,CNN,0.0,0.582,0.418,-0.9217,2018-08-29 01:49:47+00:00,-20
21,CNN,0.093,0.667,0.241,-0.6124,2018-08-29 01:43:39+00:00,-21
22,CNN,0.0,1.0,0.0,0.0,2018-08-29 01:43:21+00:00,-22
23,CNN,0.226,0.774,0.0,0.5859,2018-08-29 01:42:31+00:00,-23
24,CNN,0.0,1.0,0.0,0.0,2018-08-29 01:41:04+00:00,-24
25,CNN,0.082,0.843,0.075,0.0387,2018-08-29 01:31:27+00:00,-25
26,CNN,0.0,0.896,0.104,-0.296,2018-08-29 01:31:06+00:00,-26
27,CNN,0.0,1.0,0.0,0.0,2018-08-29 01:19:51+00:00,-27
28,CNN,0.0,1.0,0.0,0.0,2018-08-29 01:19:05+00:00,-28
29,CNN,0.126,0.807,0.067,0.3182,2018-08-29 01:10:05+00:00,-29
30,CNN,0.163,0.837,0.0,0.5994,2018-08-29 00:52:54+00:00,-30
31,CNN,0.078,0.706,0.216,-0.6499,2018-08-29 00:49:06+00:00,-31
32,CNN,0.28,0.72,0.0,0.7906,2018-08-29 00:37:48+00:00,-32
33,CNN,0.119,0.881,0.0,0.4019,2018-08-29 00:35:51+00:00,-33
34,CNN,0.208,0.792,0.0,0.2732,2018-08-29 00:31:08+00:00,-34
35,CNN,0.069,0.833,0.097,-0.1531,2018-08-29 00:21:03+00:00,-35
36,CNN,0.096,0.674,0.23,-0.5859,2018-08-29 00:20:52+00:00,-36
37,CNN,0.322,0.678,0.0,0.8225,2018-08-29 00:14:50+00:00,-37
38,CNN,0.133,0.667,0.2,-0.128,2018-08-29 00:11:04+00:00,-38
39,CNN,0.084,0.916,0.0,0.3182,2018-08-29 00:04:35+00:00,-39
40,CNN,0.0,1.0,0.0,0.0,2018-08-29 00:01:05+00:00,-40
41,CNN,0.0,0.853,0.147,-0.4767,2018-08-28 23:51:03+00:00,-41
42,CNN,0.0,0.782,0.218,-0.7506,2018-08-28 23:47:38+00:00,-42
43,CNN,0.0,0.841,0.159,-0.5563,2018-08-28 23:41:01+00:00,-43
44,CNN,0.149,0.702,0.149,0.0,2018-08-28 23:31:05+00:00,-44
45,CNN,0.0,1.0,0.0,0.0,2018-08-28 23:27:07+00:00,-45
46,CNN,0.0,0.759,0.241,-0.5423,2018-08-28 23:21:13+00:00,-46
47,CNN,0.135,0.865,0.0,0.4215,2018-08-28 23:21:05+00:00,-47
48,CNN,0.0,1.0,0.0,0.0,2018-08-28 23:18:11+00:00,-48
49,CNN,0.0,1.0,0.0,0.0,2018-08-28 23:16:23+00:00,-49
50,CNN,0.098,0.902,0.0,0.3612,2018-08-28 23:13:53+00:00,-50
51,CNN,0.12,0.783,0.097,0.128,2018-08-28 23:11:03+00:00,-51
52,CNN,0.0,1.0,0.0,0.0,2018-08-28 23:07:20+00:00,-52
53,CNN,0.0,1.0,0.0,0.0,2018-08-28 23:01:04+00:00,-53
54,CNN,0.0,1.0,0.0,0.0,2018-08-28 23:01:00+00:00,-54
55,CNN,0.259,0.741,0.0,0.6486,2018-08-28 22:52:07+00:00,-55
56,CNN,0.0,1.0,0.0,0.0,2018-08-28 22:45:00+00:00,-56
57,CNN,0.0,0.717,0.283,-0.8176,2018-08-28 22:43:21+00:00,-57
58,CNN,0.094,0.827,0.079,0.1027,2018-08-28 22:38:34+00:00,-58
59,CNN,0.0,0.873,0.127,-0.4404,2018-08-28 22:35:13+00:00,-59
60,CNN,0.052,0.763,0.185,-0.6486,2018-08-28 22:30:48+00:00,-60
61,CNN,0.0,0.727,0.273,-0.7184,2018-08-28 22:30:00+00:00,-61
62,CNN,0.0,0.83,0.17,-0.5994,2018-08-28 22:28:51+00:00,-62
63,CNN,0.0,0.568,0.432,-0.872,2018-08-28 22:25:07+00:00,-63
64,CNN,0.0,1.0,0.0,0.0,2018-08-28 22:20:05+00:00,-64
65,CNN,0.0,1.0,0.0,0.0,2018-08-28 22:15:15+00:00,-65
66,CNN,0.0,1.0,0.0,0.0,2018-08-28 22:11:48+00:00,-66
67,CNN,0.0,1.0,0.0,0.0,2018-08-28 21:50:07+00:00,-67
68,CNN,0.256,0.744,0.0,0.4767,2018-08-28 21:40:10+00:00,-68
69,CNN,0.111,0.889,0.0,0.25,2018-08-28 21:35:00+00:00,-69
70,CNN,0.0,0.856,0.144,-0.4019,2018-08-28 21:30:09+00:00,-70
71,CNN,0.074,0.926,0.0,0.1531,2018-08-28 21:29:22+00:00,-71
72,CNN,0.0,0.892,0.108,-0.3182,2018-08-28 21:25:05+00:00,-72
73,CNN,0.0,1.0,0.0,0.0,2018-08-28 21:20:09+00:00,-73
74,CNN,0.107,0.711,0.182,-0.4019,2018-08-28 21:15:03+00:00,-74
75,CNN,0.0,0.823,0.177,-0.6249,2018-08-28 21:10:07+00:00,-75
76,CNN,0.0,1.0,0.0,0.0,2018-08-28 21:00:14+00:00,-76
77,CNN,0.156,0.844,0.0,0.3612,2018-08-28 20:55:04+00:00,-77
78,CNN,0.258,0.742,0.0,0.7096,2018-08-28 20:50:04+00:00,-78
79,CNN,0.0,0.878,0.122,-0.3612,2018-08-28 20:40:04+00:00,-79
80,CNN,0.0,0.87,0.13,-0.5095,2018-08-28 20:38:51+00:00,-80
81,CNN,0.213,0.787,0.0,0.5574,2018-08-28 20:30:07+00:00,-81
82,CNN,0.28,0.72,0.0,0.7906,2018-08-28 20:25:00+00:00,-82
83,CNN,0.242,0.758,0.0,0.5859,2018-08-28 20:20:44+00:00,-83
84,CNN,0.0,0.723,0.277,-0.7845,2018-08-28 20:20:04+00:00,-84
85,CNN,0.111,0.889,0.0,0.25,2018-08-28 20:16:54+00:00,-85
86,CNN,0.0,1.0,0.0,0.0,2018-08-28 20:10:10+00:00,-86
87,CNN,0.194,0.806,0.0,0.5859,2018-08-28 20:05:03+00:00,-87
88,CNN,0.0,0.72,0.28,-0.765,2018-08-28 20:00:12+00:00,-88
89,CNN,0.0,0.714,0.286,-0.7184,2018-08-28 19:40:09+00:00,-89
90,CNN,0.0,0.833,0.167,-0.6369,2018-08-28 19:30:07+00:00,-90
91,CNN,0.0,1.0,0.0,0.0,2018-08-28 19:20:07+00:00,-91
92,CNN,0.076,0.763,0.161,-0.2732,2018-08-28 19:11:18+00:00,-92
93,CNN,0.111,0.889,0.0,0.3612,2018-08-28 19:10:38+00:00,-93
94,CNN,0.12,0.88,0.0,0.2924,2018-08-28 19:10:05+00:00,-94
95,CNN,0.145,0.855,0.0,0.5994,2018-08-28 19:01:02+00:00,-95
96,CNN,0.325,0.579,0.096,0.7278,2018-08-28 19:00:27+00:00,-96
97,CNN,0.0,0.652,0.348,-0.7506,2018-08-28 19:00:09+00:00,-97
98,CNN,0.198,0.802,0.0,0.6369,2018-08-28 18:50:26+00:00,-98
99,CNN,0.0,0.873,0.127,-0.4404,2018-08-28 18:50:06+00:00,-99
0,BBC,0.0,1.0,0.0,0.0,2018-08-28 18:56:05+00:00,0
1,BBC,0.22,0.78,0.0,0.5423,2018-08-28 18:03:04+00:00,-1
2,BBC,0.0,1.0,0.0,0.0,2018-08-28 16:01:02+00:00,-2
3,BBC,0.205,0.795,0.0,0.5994,2018-08-28 14:51:38+00:00,-3
4,BBC,0.152,0.848,0.0,0.3612,2018-08-28 14:51:32+00:00,-4
5,BBC,0.0,1.0,0.0,0.0,2018-08-28 13:02:04+00:00,-5
6,BBC,0.0,1.0,0.0,0.0,2018-08-28 12:48:59+00:00,-6
7,BBC,0.272,0.728,0.0,0.4767,2018-08-28 12:00:18+00:00,-7
8,BBC,0.37,0.63,0.0,0.8316,2018-08-28 11:33:00+00:00,-8
9,BBC,0.0,0.896,0.104,-0.296,2018-08-28 11:01:01+00:00,-9
10,BBC,0.177,0.823,0.0,0.4215,2018-08-28 08:00:16+00:00,-10
11,BBC,0.0,1.0,0.0,0.0,2018-08-28 07:26:06+00:00,-11
12,BBC,0.103,0.821,0.077,0.128,2018-08-28 07:00:13+00:00,-12
13,BBC,0.194,0.806,0.0,0.624,2018-08-27 20:01:03+00:00,-13
14,BBC,0.064,0.936,0.0,0.0772,2018-08-27 19:36:00+00:00,-14
15,BBC,0.186,0.752,0.062,0.5859,2018-08-27 19:03:04+00:00,-15
16,BBC,0.0,0.862,0.138,-0.4939,2018-08-27 18:12:05+00:00,-16
17,BBC,0.0,1.0,0.0,0.0,2018-08-27 17:05:04+00:00,-17
18,BBC,0.056,0.944,0.0,0.0772,2018-08-27 16:03:04+00:00,-18
19,BBC,0.0,1.0,0.0,0.0,2018-08-27 14:08:03+00:00,-19
20,BBC,0.109,0.891,0.0,0.296,2018-08-27 12:11:04+00:00,-20
21,BBC,0.207,0.793,0.0,0.5719,2018-08-27 10:05:03+00:00,-21
22,BBC,0.0,1.0,0.0,0.0,2018-08-27 09:01:02+00:00,-22
23,BBC,0.0,0.843,0.157,-0.3818,2018-08-27 08:10:04+00:00,-23
24,BBC,0.0,0.828,0.172,-0.4003,2018-08-26 19:39:07+00:00,-24
25,BBC,0.122,0.469,0.408,-0.7269,2018-08-26 19:13:06+00:00,-25
26,BBC,0.0,1.0,0.0,0.0,2018-08-26 18:05:00+00:00,-26
27,BBC,0.381,0.619,0.0,0.5719,2018-08-26 16:46:09+00:00,-27
28,BBC,0.0,1.0,0.0,0.0,2018-08-26 16:32:00+00:00,-28
29,BBC,0.124,0.81,0.067,0.296,2018-08-26 15:05:02+00:00,-29
30,BBC,0.0,1.0,0.0,0.0,2018-08-26 14:07:04+00:00,-30
31,BBC,0.0,0.705,0.295,-0.6808,2018-08-26 12:06:05+00:00,-31
32,BBC,0.132,0.868,0.0,0.4404,2018-08-26 11:01:06+00:00,-32
33,BBC,0.0,1.0,0.0,0.0,2018-08-26 10:09:08+00:00,-33
34,BBC,0.091,0.909,0.0,0.2023,2018-08-26 09:26:05+00:00,-34
35,BBC,0.139,0.861,0.0,0.4404,2018-08-26 09:08:05+00:00,-35
36,BBC,0.0,0.843,0.157,-0.5994,2018-08-26 08:00:14+00:00,-36
37,BBC,0.0,1.0,0.0,0.0,2018-08-26 07:42:20+00:00,-37
38,BBC,0.0,1.0,0.0,0.0,2018-08-26 07:12:02+00:00,-38
39,BBC,0.244,0.756,0.0,0.7003,2018-08-25 21:01:07+00:00,-39
40,BBC,0.285,0.715,0.0,0.4199,2018-08-25 18:07:04+00:00,-40
41,BBC,0.137,0.863,0.0,0.4019,2018-08-25 17:18:16+00:00,-41
42,BBC,0.318,0.682,0.0,0.6369,2018-08-25 17:18:08+00:00,-42
43,BBC,0.0,1.0,0.0,0.0,2018-08-25 17:00:19+00:00,-43
44,BBC,0.184,0.816,0.0,0.4019,2018-08-25 16:00:15+00:00,-44
45,BBC,0.393,0.607,0.0,0.8271,2018-08-25 15:02:06+00:00,-45
46,BBC,0.167,0.833,0.0,0.4215,2018-08-25 14:42:30+00:00,-46
47,BBC,0.0,1.0,0.0,0.0,2018-08-25 14:00:15+00:00,-47
48,BBC,0.161,0.839,0.0,0.3612,2018-08-25 13:00:20+00:00,-48
49,BBC,0.16,0.638,0.202,-0.1027,2018-08-25 12:00:17+00:00,-49
50,BBC,0.0,1.0,0.0,0.0,2018-08-25 11:07:04+00:00,-50
51,BBC,0.0,1.0,0.0,0.0,2018-08-25 09:45:20+00:00,-51
52,BBC,0.0,1.0,0.0,0.0,2018-08-25 09:00:19+00:00,-52
53,BBC,0.0,1.0,0.0,0.0,2018-08-25 08:00:06+00:00,-53
54,BBC,0.0,1.0,0.0,0.0,2018-08-24 20:03:07+00:00,-54
55,BBC,0.0,1.0,0.0,0.0,2018-08-24 18:02:07+00:00,-55
56,BBC,0.126,0.874,0.0,0.3182,2018-08-24 15:59:00+00:00,-56
57,BBC,0.256,0.744,0.0,0.784,2018-08-24 14:58:04+00:00,-57
58,BBC,0.0,1.0,0.0,0.0,2018-08-24 14:22:04+00:00,-58
59,BBC,0.0,1.0,0.0,0.0,2018-08-24 13:07:53+00:00,-59
60,BBC,0.074,0.926,0.0,0.0516,2018-08-24 12:01:06+00:00,-60
61,BBC,0.0,1.0,0.0,0.0,2018-08-24 11:00:12+00:00,-61
62,BBC,0.0,1.0,0.0,0.0,2018-08-24 08:43:01+00:00,-62
63,BBC,0.0,0.862,0.138,-0.4939,2018-08-24 08:00:15+00:00,-63
64,BBC,0.0,1.0,0.0,0.0,2018-08-24 07:27:06+00:00,-64
65,BBC,0.0,1.0,0.0,0.0,2018-08-24 07:00:10+00:00,-65
66,BBC,0.0,1.0,0.0,0.0,2018-08-23 19:00:22+00:00,-66
67,BBC,0.167,0.833,0.0,0.5859,2018-08-23 18:02:06+00:00,-67
68,BBC,0.0,1.0,0.0,0.0,2018-08-23 17:31:00+00:00,-68
69,BBC,0.279,0.721,0.0,0.7345,2018-08-23 16:01:05+00:00,-69
70,BBC,0.0,1.0,0.0,0.0,2018-08-23 16:00:00+00:00,-70
71,BBC,0.0,0.858,0.142,-0.5106,2018-08-23 15:55:24+00:00,-71
72,BBC,0.0,1.0,0.0,0.0,2018-08-23 15:49:59+00:00,-72
73,BBC,0.0,1.0,0.0,0.0,2018-08-23 14:27:01+00:00,-73
74,BBC,0.0,1.0,0.0,0.0,2018-08-23 13:08:17+00:00,-74
75,BBC,0.0,0.823,0.177,-0.4215,2018-08-23 13:00:22+00:00,-75
76,BBC,0.327,0.673,0.0,0.4445,2018-08-23 12:03:06+00:00,-76
77,BBC,0.0,0.889,0.111,-0.3612,2018-08-23 11:00:19+00:00,-77
78,BBC,0.188,0.717,0.096,0.4019,2018-08-23 09:56:02+00:00,-78
79,BBC,0.0,1.0,0.0,0.0,2018-08-23 09:15:16+00:00,-79
80,BBC,0.147,0.772,0.081,0.4199,2018-08-23 09:09:35+00:00,-80
81,BBC,0.213,0.787,0.0,0.6597,2018-08-23 08:55:54+00:00,-81
82,BBC,0.276,0.724,0.0,0.6369,2018-08-23 08:00:08+00:00,-82
83,BBC,0.126,0.874,0.0,0.3182,2018-08-23 07:25:03+00:00,-83
84,BBC,0.0,1.0,0.0,0.0,2018-08-23 07:00:06+00:00,-84
85,BBC,0.091,0.909,0.0,0.2263,2018-08-22 18:01:04+00:00,-85
86,BBC,0.0,0.677,0.323,-0.6486,2018-08-22 17:03:05+00:00,-86
87,BBC,0.0,1.0,0.0,0.0,2018-08-22 16:03:06+00:00,-87
88,BBC,0.0,0.806,0.194,-0.5859,2018-08-22 16:01:01+00:00,-88
89,BBC,0.0,0.868,0.132,-0.4939,2018-08-22 14:08:06+00:00,-89
90,BBC,0.13,0.87,0.0,0.5093,2018-08-22 13:32:04+00:00,-90
91,BBC,0.213,0.662,0.125,0.34,2018-08-22 13:13:18+00:00,-91
92,BBC,0.0,1.0,0.0,0.0,2018-08-22 13:00:24+00:00,-92
93,BBC,0.0,1.0,0.0,0.0,2018-08-22 12:15:45+00:00,-93
94,BBC,0.0,0.828,0.172,-0.4019,2018-08-22 12:02:05+00:00,-94
95,BBC,0.0,1.0,0.0,0.0,2018-08-22 11:30:59+00:00,-95
96,BBC,0.0,0.943,0.057,-0.0382,2018-08-22 11:01:06+00:00,-96
97,BBC,0.0,1.0,0.0,0.0,2018-08-22 10:53:23+00:00,-97
98,BBC,0.0,1.0,0.0,0.0,2018-08-22 08:00:09+00:00,-98
99,BBC,0.185,0.7,0.115,0.1779,2018-08-22 07:28:08+00:00,-99
0,nytimes,0.0,1.0,0.0,0.0,2018-08-29 04:47:06+00:00,0
1,nytimes,0.0,0.825,0.175,-0.5574,2018-08-29 04:32:02+00:00,-1
2,nytimes,0.507,0.493,0.0,0.8519,2018-08-29 04:17:03+00:00,-2
3,nytimes,0.0,1.0,0.0,0.0,2018-08-29 04:03:04+00:00,-3
4,nytimes,0.0,0.896,0.104,-0.296,2018-08-29 03:56:40+00:00,-4
5,nytimes,0.121,0.728,0.15,-0.1531,2018-08-29 03:47:02+00:00,-5
6,nytimes,0.0,0.833,0.167,-0.4588,2018-08-29 03:32:04+00:00,-6
7,nytimes,0.0,1.0,0.0,0.0,2018-08-29 03:22:21+00:00,-7
8,nytimes,0.093,0.828,0.079,0.1027,2018-08-29 03:17:06+00:00,-8
9,nytimes,0.0,1.0,0.0,0.0,2018-08-29 03:03:04+00:00,-9
10,nytimes,0.0,0.865,0.135,-0.4215,2018-08-29 02:51:06+00:00,-10
11,nytimes,0.0,0.805,0.195,-0.5574,2018-08-29 02:41:00+00:00,-11
12,nytimes,0.0,1.0,0.0,0.0,2018-08-29 02:31:05+00:00,-12
13,nytimes,0.0,1.0,0.0,0.0,2018-08-29 02:17:02+00:00,-13
14,nytimes,0.0,1.0,0.0,0.0,2018-08-29 02:02:03+00:00,-14
15,nytimes,0.0,1.0,0.0,0.0,2018-08-29 01:51:05+00:00,-15
16,nytimes,0.0,1.0,0.0,0.0,2018-08-29 01:42:06+00:00,-16
17,nytimes,0.0,1.0,0.0,0.0,2018-08-29 01:33:00+00:00,-17
18,nytimes,0.0,1.0,0.0,0.0,2018-08-29 01:21:08+00:00,-18
19,nytimes,0.0,0.801,0.199,-0.6395,2018-08-29 01:17:05+00:00,-19
20,nytimes,0.0,1.0,0.0,0.0,2018-08-29 01:02:07+00:00,-20
21,nytimes,0.065,0.813,0.122,-0.34,2018-08-29 00:51:50+00:00,-21
22,nytimes,0.224,0.776,0.0,0.5994,2018-08-29 00:47:01+00:00,-22
23,nytimes,0.0,1.0,0.0,0.0,2018-08-29 00:32:02+00:00,-23
24,nytimes,0.0,1.0,0.0,0.0,2018-08-29 00:22:05+00:00,-24
25,nytimes,0.0,1.0,0.0,0.0,2018-08-29 00:11:02+00:00,-25
26,nytimes,0.0,1.0,0.0,0.0,2018-08-29 00:02:04+00:00,-26
27,nytimes,0.111,0.889,0.0,0.3612,2018-08-28 23:51:02+00:00,-27
28,nytimes,0.0,0.909,0.091,-0.25,2018-08-28 23:41:02+00:00,-28
29,nytimes,0.132,0.676,0.193,-0.2023,2018-08-28 23:32:06+00:00,-29
30,nytimes,0.209,0.719,0.072,0.7004,2018-08-28 23:17:47+00:00,-30
31,nytimes,0.104,0.896,0.0,0.3254,2018-08-28 23:17:04+00:00,-31
32,nytimes,0.0,1.0,0.0,0.0,2018-08-28 23:12:13+00:00,-32
33,nytimes,0.0,1.0,0.0,0.0,2018-08-28 23:02:08+00:00,-33
34,nytimes,0.257,0.653,0.09,0.6249,2018-08-28 22:47:02+00:00,-34
35,nytimes,0.178,0.822,0.0,0.5994,2018-08-28 22:31:06+00:00,-35
36,nytimes,0.0,1.0,0.0,0.0,2018-08-28 22:17:05+00:00,-36
37,nytimes,0.0,0.562,0.438,-0.9136,2018-08-28 22:00:11+00:00,-37
38,nytimes,0.0,1.0,0.0,0.0,2018-08-28 21:45:01+00:00,-38
39,nytimes,0.344,0.656,0.0,0.836,2018-08-28 21:32:04+00:00,-39
40,nytimes,0.175,0.825,0.0,0.4137,2018-08-28 21:17:06+00:00,-40
41,nytimes,0.172,0.828,0.0,0.3612,2018-08-28 21:00:25+00:00,-41
42,nytimes,0.0,0.885,0.115,-0.3818,2018-08-28 20:45:08+00:00,-42
43,nytimes,0.185,0.815,0.0,0.5267,2018-08-28 20:35:39+00:00,-43
44,nytimes,0.0,1.0,0.0,0.0,2018-08-28 20:27:48+00:00,-44
45,nytimes,0.0,0.742,0.258,-0.7096,2018-08-28 20:18:43+00:00,-45
46,nytimes,0.0,1.0,0.0,0.0,2018-08-28 20:15:05+00:00,-46
47,nytimes,0.0,0.889,0.111,-0.25,2018-08-28 20:00:14+00:00,-47
48,nytimes,0.0,1.0,0.0,0.0,2018-08-28 19:45:05+00:00,-48
49,nytimes,0.0,0.822,0.178,-0.5994,2018-08-28 19:30:05+00:00,-49
50,nytimes,0.0,1.0,0.0,0.0,2018-08-28 19:15:01+00:00,-50
51,nytimes,0.0,1.0,0.0,0.0,2018-08-28 19:07:05+00:00,-51
52,nytimes,0.0,0.804,0.196,-0.5267,2018-08-28 19:00:08+00:00,-52
53,nytimes,0.375,0.625,0.0,0.6369,2018-08-28 18:55:28+00:00,-53
54,nytimes,0.098,0.902,0.0,0.3612,2018-08-28 18:45:05+00:00,-54
55,nytimes,0.0,1.0,0.0,0.0,2018-08-28 18:30:06+00:00,-55
56,nytimes,0.0,1.0,0.0,0.0,2018-08-28 18:25:06+00:00,-56
57,nytimes,0.0,1.0,0.0,0.0,2018-08-28 18:22:58+00:00,-57
58,nytimes,0.179,0.821,0.0,0.4019,2018-08-28 18:15:07+00:00,-58
59,nytimes,0.0,1.0,0.0,0.0,2018-08-28 18:04:04+00:00,-59
60,nytimes,0.0,1.0,0.0,0.0,2018-08-28 18:02:03+00:00,-60
61,nytimes,0.0,1.0,0.0,0.0,2018-08-28 18:00:08+00:00,-61
62,nytimes,0.0,0.938,0.062,-0.1531,2018-08-28 17:30:08+00:00,-62
63,nytimes,0.0,0.876,0.124,-0.3724,2018-08-28 17:20:06+00:00,-63
64,nytimes,0.103,0.897,0.0,0.3182,2018-08-28 17:10:09+00:00,-64
65,nytimes,0.0,0.9,0.1,-0.25,2018-08-28 17:00:06+00:00,-65
66,nytimes,0.0,1.0,0.0,0.0,2018-08-28 16:45:04+00:00,-66
67,nytimes,0.0,1.0,0.0,0.0,2018-08-28 16:40:07+00:00,-67
68,nytimes,0.252,0.748,0.0,0.7506,2018-08-28 16:30:09+00:00,-68
69,nytimes,0.12,0.788,0.091,0.1779,2018-08-28 16:15:10+00:00,-69
70,nytimes,0.0,1.0,0.0,0.0,2018-08-28 16:00:13+00:00,-70
71,nytimes,0.0,1.0,0.0,0.0,2018-08-28 15:52:01+00:00,-71
72,nytimes,0.0,0.708,0.292,-0.765,2018-08-28 15:45:10+00:00,-72
73,nytimes,0.149,0.851,0.0,0.4215,2018-08-28 15:30:08+00:00,-73
74,nytimes,0.0,0.757,0.243,-0.6997,2018-08-28 15:20:07+00:00,-74
75,nytimes,0.0,0.87,0.13,-0.4019,2018-08-28 15:10:07+00:00,-75
76,nytimes,0.0,0.672,0.328,-0.8316,2018-08-28 15:00:09+00:00,-76
77,nytimes,0.155,0.845,0.0,0.5106,2018-08-28 14:44:05+00:00,-77
78,nytimes,0.0,0.791,0.209,-0.6486,2018-08-28 14:29:03+00:00,-78
79,nytimes,0.0,0.85,0.15,-0.4588,2018-08-28 14:00:07+00:00,-79
80,nytimes,0.0,0.874,0.126,-0.3818,2018-08-28 13:50:03+00:00,-80
81,nytimes,0.25,0.75,0.0,0.6124,2018-08-28 13:40:03+00:00,-81
82,nytimes,0.167,0.833,0.0,0.2023,2018-08-28 13:15:08+00:00,-82
83,nytimes,0.0,1.0,0.0,0.0,2018-08-28 13:00:08+00:00,-83
84,nytimes,0.111,0.889,0.0,0.25,2018-08-28 12:45:04+00:00,-84
85,nytimes,0.0,1.0,0.0,0.0,2018-08-28 12:30:17+00:00,-85
86,nytimes,0.108,0.502,0.391,-0.836,2018-08-28 12:14:04+00:00,-86
87,nytimes,0.0,0.881,0.119,-0.2263,2018-08-28 12:01:04+00:00,-87
88,nytimes,0.0,0.885,0.115,-0.296,2018-08-28 11:44:06+00:00,-88
89,nytimes,0.0,0.864,0.136,-0.4588,2018-08-28 11:31:05+00:00,-89
90,nytimes,0.0,0.642,0.358,-0.5994,2018-08-28 11:21:05+00:00,-90
91,nytimes,0.176,0.824,0.0,0.4576,2018-08-28 11:10:05+00:00,-91
92,nytimes,0.132,0.868,0.0,0.4939,2018-08-28 11:00:11+00:00,-92
93,nytimes,0.0,1.0,0.0,0.0,2018-08-28 10:45:07+00:00,-93
94,nytimes,0.0,1.0,0.0,0.0,2018-08-28 10:31:03+00:00,-94
95,nytimes,0.186,0.599,0.216,-0.128,2018-08-28 10:15:03+00:00,-95
96,nytimes,0.049,0.672,0.28,-0.802,2018-08-28 10:00:08+00:00,-96
97,nytimes,0.0,1.0,0.0,0.0,2018-08-28 09:45:04+00:00,-97
98,nytimes,0.15,0.85,0.0,0.5719,2018-08-28 09:30:04+00:00,-98
99,nytimes,0.0,0.838,0.162,-0.2732,2018-08-28 09:15:06+00:00,-99
0,CBS,0.0,1.0,0.0,0.0,2018-08-27 23:36:57+00:00,0
1,CBS,0.0,0.879,0.121,-0.4389,2018-08-24 20:30:16+00:00,-1
2,CBS,0.0,1.0,0.0,0.0,2018-08-22 20:55:25+00:00,-2
3,CBS,0.0,1.0,0.0,0.0,2018-08-22 20:10:12+00:00,-3
4,CBS,0.171,0.829,0.0,0.5423,2018-08-20 21:59:56+00:00,-4
5,CBS,0.113,0.887,0.0,0.3182,2018-08-17 17:42:02+00:00,-5
6,CBS,0.0,1.0,0.0,0.0,2018-08-16 18:40:09+00:00,-6
7,CBS,0.092,0.72,0.188,-0.5267,2018-08-16 00:09:03+00:00,-7
8,CBS,0.0,1.0,0.0,0.0,2018-08-12 23:30:02+00:00,-8
9,CBS,0.126,0.874,0.0,0.4389,2018-08-12 15:04:59+00:00,-9
10,CBS,0.0,0.897,0.103,-0.3182,2018-08-11 18:00:00+00:00,-10
11,CBS,0.144,0.856,0.0,0.4926,2018-08-11 15:00:02+00:00,-11
12,CBS,0.419,0.581,0.0,0.8957,2018-08-10 22:28:55+00:00,-12
13,CBS,0.0,1.0,0.0,0.0,2018-08-10 19:59:14+00:00,-13
14,CBS,0.255,0.745,0.0,0.6696,2018-08-09 21:00:00+00:00,-14
15,CBS,0.28,0.72,0.0,0.7901,2018-08-09 18:47:00+00:00,-15
16,CBS,0.209,0.791,0.0,0.6696,2018-08-08 16:05:11+00:00,-16
17,CBS,0.0,1.0,0.0,0.0,2018-08-07 16:06:57+00:00,-17
18,CBS,0.111,0.889,0.0,0.3612,2018-08-06 00:20:55+00:00,-18
19,CBS,0.219,0.683,0.098,0.5411,2018-08-06 00:07:38+00:00,-19
20,CBS,0.106,0.894,0.0,0.3818,2018-08-06 00:02:58+00:00,-20
21,CBS,0.155,0.845,0.0,0.5093,2018-08-06 00:02:02+00:00,-21
22,CBS,0.0,1.0,0.0,0.0,2018-08-05 23:58:41+00:00,-22
23,CBS,0.306,0.694,0.0,0.8316,2018-08-05 23:44:39+00:00,-23
24,CBS,0.0,1.0,0.0,0.0,2018-08-05 23:41:21+00:00,-24
25,CBS,0.157,0.843,0.0,0.5994,2018-08-05 23:35:49+00:00,-25
26,CBS,0.0,1.0,0.0,0.0,2018-08-05 23:35:46+00:00,-26
27,CBS,0.173,0.827,0.0,0.5826,2018-08-05 23:16:25+00:00,-27
28,CBS,0.0,0.798,0.202,-0.5093,2018-08-05 23:12:39+00:00,-28
29,CBS,0.0,1.0,0.0,0.0,2018-08-05 23:10:20+00:00,-29
30,CBS,0.225,0.775,0.0,0.6041,2018-08-05 23:05:58+00:00,-30
31,CBS,0.147,0.853,0.0,0.3802,2018-08-05 23:01:25+00:00,-31
32,CBS,0.0,0.917,0.083,-0.2057,2018-08-05 22:58:41+00:00,-32
33,CBS,0.0,1.0,0.0,0.0,2018-08-05 22:58:36+00:00,-33
34,CBS,0.0,0.936,0.064,-0.0572,2018-08-05 22:53:12+00:00,-34
35,CBS,0.059,0.82,0.121,-0.3612,2018-08-05 22:52:24+00:00,-35
36,CBS,0.138,0.862,0.0,0.4939,2018-08-05 22:49:06+00:00,-36
37,CBS,0.0,1.0,0.0,0.0,2018-08-05 22:46:49+00:00,-37
38,CBS,0.175,0.825,0.0,0.4926,2018-08-05 22:32:37+00:00,-38
39,CBS,0.123,0.877,0.0,0.2732,2018-08-05 22:32:30+00:00,-39
40,CBS,0.095,0.905,0.0,0.2716,2018-08-05 22:16:36+00:00,-40
41,CBS,0.0,0.867,0.133,-0.4973,2018-08-05 22:16:29+00:00,-41
42,CBS,0.0,1.0,0.0,0.0,2018-08-05 22:16:19+00:00,-42
43,CBS,0.0,0.886,0.114,-0.4019,2018-08-05 22:05:44+00:00,-43
44,CBS,0.0,0.793,0.207,-0.6908,2018-08-05 22:00:47+00:00,-44
45,CBS,0.0,1.0,0.0,0.0,2018-08-05 21:48:41+00:00,-45
46,CBS,0.286,0.714,0.0,0.8555,2018-08-05 21:48:36+00:00,-46
47,CBS,0.234,0.766,0.0,0.5994,2018-08-05 21:48:29+00:00,-47
48,CBS,0.208,0.792,0.0,0.6124,2018-08-05 21:31:15+00:00,-48
49,CBS,0.105,0.742,0.153,-0.2748,2018-08-05 20:58:52+00:00,-49
50,CBS,0.0,1.0,0.0,0.0,2018-08-05 20:56:17+00:00,-50
51,CBS,0.0,0.875,0.125,-0.4588,2018-08-05 20:10:33+00:00,-51
52,CBS,0.0,1.0,0.0,0.0,2018-08-05 19:43:38+00:00,-52
53,CBS,0.0,1.0,0.0,0.0,2018-08-05 19:22:22+00:00,-53
54,CBS,0.204,0.796,0.0,0.6249,2018-08-05 19:21:28+00:00,-54
55,CBS,0.098,0.823,0.079,0.1384,2018-08-05 19:16:45+00:00,-55
56,CBS,0.0,1.0,0.0,0.0,2018-08-05 19:15:53+00:00,-56
57,CBS,0.182,0.818,0.0,0.4588,2018-08-05 18:54:24+00:00,-57
58,CBS,0.0,1.0,0.0,0.0,2018-08-05 18:01:09+00:00,-58
59,CBS,0.0,1.0,0.0,0.0,2018-08-05 17:55:07+00:00,-59
60,CBS,0.0,1.0,0.0,0.0,2018-08-05 17:51:13+00:00,-60
61,CBS,0.0,1.0,0.0,0.0,2018-08-05 17:47:01+00:00,-61
62,CBS,0.073,0.853,0.074,-0.0018,2018-08-05 17:39:48+00:00,-62
63,CBS,0.0,1.0,0.0,0.0,2018-08-05 17:28:37+00:00,-63
64,CBS,0.182,0.599,0.219,-0.0602,2018-08-05 17:28:03+00:00,-64
65,CBS,0.16,0.735,0.105,0.1761,2018-08-05 17:27:46+00:00,-65
66,CBS,0.123,0.767,0.11,0.1027,2018-08-05 17:27:41+00:00,-66
67,CBS,0.13,0.746,0.123,0.0498,2018-08-05 17:27:31+00:00,-67
68,CBS,0.182,0.818,0.0,0.6114,2018-08-05 14:47:12+00:00,-68
69,CBS,0.083,0.917,0.0,0.2263,2018-08-04 22:57:37+00:00,-69
70,CBS,0.0,1.0,0.0,0.0,2018-08-04 00:24:55+00:00,-70
71,CBS,0.24,0.76,0.0,0.6124,2018-08-03 22:34:08+00:00,-71
72,CBS,0.469,0.531,0.0,0.9098,2018-07-31 21:02:33+00:00,-72
73,CBS,0.124,0.876,0.0,0.34,2018-07-28 16:43:56+00:00,-73
74,CBS,0.187,0.813,0.0,0.5707,2018-07-25 17:25:36+00:00,-74
75,CBS,0.0,1.0,0.0,0.0,2018-07-25 15:12:31+00:00,-75
76,CBS,0.118,0.882,0.0,0.34,2018-07-25 01:05:03+00:00,-76
77,CBS,0.068,0.834,0.099,-0.1511,2018-07-24 18:54:14+00:00,-77
78,CBS,0.34,0.66,0.0,0.8293,2018-07-23 21:30:33+00:00,-78
79,CBS,0.073,0.927,0.0,0.128,2018-07-22 01:56:13+00:00,-79
80,CBS,0.0,0.891,0.109,-0.296,2018-07-21 00:55:28+00:00,-80
81,CBS,0.0,0.891,0.109,-0.296,2018-07-21 00:19:12+00:00,-81
82,CBS,0.0,0.736,0.264,-0.7964,2018-07-21 00:10:00+00:00,-82
83,CBS,0.0,0.82,0.18,-0.6597,2018-07-20 23:44:54+00:00,-83
84,CBS,0.095,0.905,0.0,0.3182,2018-07-20 22:29:36+00:00,-84
85,CBS,0.0,1.0,0.0,0.0,2018-07-20 21:39:09+00:00,-85
86,CBS,0.0,1.0,0.0,0.0,2018-07-20 15:08:23+00:00,-86
87,CBS,0.0,1.0,0.0,0.0,2018-07-17 17:55:25+00:00,-87
88,CBS,0.0,1.0,0.0,0.0,2018-07-17 17:22:29+00:00,-88
89,CBS,0.0,1.0,0.0,0.0,2018-07-17 17:22:29+00:00,-89
90,CBS,0.0,1.0,0.0,0.0,2018-07-17 17:22:29+00:00,-90
91,CBS,0.0,1.0,0.0,0.0,2018-07-17 17:22:29+00:00,-91
92,CBS,0.0,1.0,0.0,0.0,2018-07-17 17:22:29+00:00,-92
93,CBS,0.0,1.0,0.0,0.0,2018-07-17 17:22:28+00:00,-93
94,CBS,0.0,1.0,0.0,0.0,2018-07-17 17:22:28+00:00,-94
95,CBS,0.0,1.0,0.0,0.0,2018-07-17 17:22:28+00:00,-95
96,CBS,0.0,1.0,0.0,0.0,2018-07-17 17:22:28+00:00,-96
97,CBS,0.0,1.0,0.0,0.0,2018-07-17 17:22:28+00:00,-97
98,CBS,0.0,1.0,0.0,0.0,2018-07-17 17:22:28+00:00,-98
99,CBS,0.0,1.0,0.0,0.0,2018-07-17 17:22:27+00:00,-99
0,fox,0.265,0.655,0.08,0.7258,2018-08-24 00:29:24+00:00,0
1,fox,0.261,0.739,0.0,0.7717,2018-08-22 03:39:28+00:00,-1
2,fox,0.095,0.905,0.0,0.2732,2018-08-21 23:51:22+00:00,-2
3,fox,0.147,0.619,0.233,-0.204,2018-08-20 23:03:43+00:00,-3
4,fox,0.283,0.717,0.0,0.7717,2018-08-20 00:00:09+00:00,-4
5,fox,0.0,0.811,0.189,-0.6072,2018-08-09 04:56:06+00:00,-5
6,fox,0.151,0.677,0.172,-0.1027,2018-08-08 02:12:41+00:00,-6
7,fox,0.091,0.909,0.0,0.128,2018-08-08 02:10:53+00:00,-7
8,fox,0.118,0.728,0.153,-0.1945,2018-08-08 02:08:41+00:00,-8
9,fox,0.404,0.596,0.0,0.8316,2018-08-08 02:07:07+00:00,-9
10,fox,0.167,0.833,0.0,0.5267,2018-08-08 01:59:38+00:00,-10
11,fox,0.324,0.676,0.0,0.7717,2018-08-08 01:57:04+00:00,-11
12,fox,0.188,0.812,0.0,0.5719,2018-08-08 01:54:45+00:00,-12
13,fox,0.464,0.536,0.0,0.9201,2018-08-08 01:50:21+00:00,-13
14,fox,0.0,1.0,0.0,0.0,2018-08-08 01:48:16+00:00,-14
15,fox,0.153,0.847,0.0,0.4019,2018-08-07 23:32:22+00:00,-15
16,fox,0.0,1.0,0.0,0.0,2018-08-07 23:32:15+00:00,-16
17,fox,0.132,0.868,0.0,0.4404,2018-08-07 23:28:56+00:00,-17
18,fox,0.245,0.755,0.0,0.7574,2018-08-07 23:06:06+00:00,-18
19,fox,0.482,0.518,0.0,0.4199,2018-08-04 03:47:44+00:00,-19
20,fox,0.583,0.417,0.0,0.4199,2018-08-04 03:27:03+00:00,-20
21,fox,0.276,0.724,0.0,0.7574,2018-08-04 03:12:25+00:00,-21
22,fox,0.551,0.449,0.0,0.8626,2018-08-04 03:05:32+00:00,-22
23,fox,0.148,0.852,0.0,0.5095,2018-08-04 03:04:39+00:00,-23
24,fox,0.562,0.438,0.0,0.8395,2018-08-04 03:04:32+00:00,-24
25,fox,0.482,0.518,0.0,0.4199,2018-08-04 03:03:40+00:00,-25
26,fox,0.191,0.809,0.0,0.5106,2018-08-04 03:03:16+00:00,-26
27,fox,0.0,1.0,0.0,0.0,2018-08-04 03:03:07+00:00,-27
28,fox,0.851,0.149,0.0,0.6908,2018-08-04 03:02:36+00:00,-28
29,fox,0.047,0.858,0.094,-0.2732,2018-08-04 03:01:15+00:00,-29
30,fox,0.187,0.813,0.0,0.3182,2018-08-04 03:00:55+00:00,-30
31,fox,0.234,0.766,0.0,0.6705,2018-08-04 03:00:48+00:00,-31
32,fox,0.225,0.775,0.0,0.4404,2018-08-04 02:43:00+00:00,-32
33,fox,0.0,0.632,0.368,-0.8714,2018-08-04 02:42:39+00:00,-33
34,fox,0.259,0.741,0.0,0.4215,2018-08-04 02:42:17+00:00,-34
35,fox,0.0,1.0,0.0,0.0,2018-08-04 02:41:59+00:00,-35
36,fox,0.127,0.873,0.0,0.4404,2018-08-04 02:41:51+00:00,-36
37,fox,0.12,0.73,0.15,-0.1779,2018-08-03 08:49:38+00:00,-37
38,fox,0.0,0.637,0.363,-0.886,2018-08-03 08:20:43+00:00,-38
39,fox,0.346,0.654,0.0,0.8398,2018-08-03 07:24:56+00:00,-39
40,fox,0.0,1.0,0.0,0.0,2018-08-03 07:21:15+00:00,-40
41,fox,0.0,1.0,0.0,0.0,2018-08-02 04:10:03+00:00,-41
42,fox,0.524,0.476,0.0,0.7644,2018-08-01 22:42:57+00:00,-42
43,fox,0.282,0.718,0.0,0.7702,2018-08-01 21:37:21+00:00,-43
44,fox,0.0,1.0,0.0,0.0,2018-08-01 06:18:32+00:00,-44
45,fox,0.482,0.518,0.0,0.4199,2018-08-01 06:16:28+00:00,-45
46,fox,0.163,0.773,0.064,0.4926,2018-08-01 06:13:13+00:00,-46
47,fox,0.206,0.721,0.072,0.5187,2018-08-01 06:12:58+00:00,-47
48,fox,0.157,0.843,0.0,0.4215,2018-08-01 02:35:19+00:00,-48
49,fox,0.203,0.551,0.246,-0.25,2018-08-01 02:32:40+00:00,-49
50,fox,0.0,0.577,0.423,-0.296,2018-08-01 02:18:01+00:00,-50
51,fox,0.0,1.0,0.0,0.0,2018-08-01 02:03:31+00:00,-51
52,fox,0.419,0.581,0.0,0.5574,2018-08-01 01:53:15+00:00,-52
53,fox,0.358,0.642,0.0,0.4199,2018-07-31 23:27:35+00:00,-53
54,fox,0.0,0.881,0.119,-0.4019,2018-07-31 22:58:07+00:00,-54
55,fox,0.222,0.778,0.0,0.6924,2018-07-19 22:21:10+00:00,-55
56,fox,0.0,1.0,0.0,0.0,2018-07-11 21:30:06+00:00,-56
57,fox,0.144,0.856,0.0,0.4926,2018-07-09 23:35:49+00:00,-57
58,fox,0.412,0.147,0.441,-0.0516,2018-07-09 20:12:02+00:00,-58
59,fox,0.48,0.52,0.0,0.5707,2018-07-09 19:43:29+00:00,-59
60,fox,0.592,0.408,0.0,0.4404,2018-07-09 19:43:13+00:00,-60
61,fox,0.507,0.493,0.0,0.4738,2018-07-09 19:43:04+00:00,-61
62,fox,0.0,1.0,0.0,0.0,2018-07-09 19:42:56+00:00,-62
63,fox,0.712,0.288,0.0,0.8718,2018-07-09 19:42:42+00:00,-63
64,fox,0.455,0.545,0.0,0.3612,2018-07-09 19:42:27+00:00,-64
65,fox,0.615,0.385,0.0,0.4926,2018-07-09 19:42:10+00:00,-65
66,fox,0.297,0.532,0.17,0.2942,2018-07-09 19:41:56+00:00,-66
67,fox,0.072,0.773,0.155,-0.2075,2018-07-09 17:17:20+00:00,-67
68,fox,0.592,0.408,0.0,0.4404,2018-07-09 17:06:00+00:00,-68
69,fox,0.329,0.671,0.0,0.6588,2018-07-09 13:04:47+00:00,-69
70,fox,0.0,1.0,0.0,0.0,2018-07-09 13:00:00+00:00,-70
71,fox,0.187,0.813,0.0,0.5574,2018-07-09 12:42:20+00:00,-71
72,fox,0.0,0.629,0.371,-0.7096,2018-07-09 08:03:22+00:00,-72
73,fox,0.163,0.837,0.0,0.5106,2018-07-08 19:48:49+00:00,-73
74,fox,0.0,1.0,0.0,0.0,2018-07-08 19:48:11+00:00,-74
75,fox,0.0,0.85,0.15,-0.4576,2018-07-08 19:45:15+00:00,-75
76,fox,0.0,0.9,0.1,-0.25,2018-07-08 19:06:16+00:00,-76
77,fox,0.193,0.807,0.0,0.555,2018-07-08 17:39:19+00:00,-77
78,fox,0.067,0.933,0.0,0.0772,2018-07-08 17:37:47+00:00,-78
79,fox,0.346,0.334,0.32,0.5499,2018-07-08 17:34:51+00:00,-79
80,fox,0.0,1.0,0.0,0.0,2018-07-07 15:23:42+00:00,-80
81,fox,0.209,0.791,0.0,0.6476,2018-07-06 23:22:17+00:00,-81
82,fox,0.0,1.0,0.0,0.0,2018-07-06 23:06:03+00:00,-82
83,fox,0.363,0.637,0.0,0.8126,2018-07-05 07:54:19+00:00,-83
84,fox,0.0,0.9,0.1,-0.2755,2018-07-05 00:18:14+00:00,-84
85,fox,0.135,0.865,0.0,0.3818,2018-07-04 00:40:38+00:00,-85
86,fox,0.246,0.599,0.156,0.3612,2018-07-04 00:15:15+00:00,-86
87,fox,0.559,0.441,0.0,0.8221,2018-07-04 00:11:33+00:00,-87
88,fox,0.742,0.258,0.0,0.8883,2018-07-04 00:09:55+00:00,-88
89,fox,0.12,0.72,0.16,0.0459,2018-07-04 00:08:19+00:00,-89
90,fox,0.0,0.93,0.07,-0.128,2018-07-03 23:57:36+00:00,-90
91,fox,0.072,0.84,0.088,-0.1027,2018-07-03 09:45:32+00:00,-91
92,fox,0.483,0.517,0.0,0.4215,2018-07-03 09:44:18+00:00,-92
93,fox,0.29,0.637,0.073,0.5267,2018-07-03 09:06:17+00:00,-93
94,fox,0.095,0.644,0.261,-0.5267,2018-07-03 09:03:13+00:00,-94
95,fox,0.0,0.898,0.102,-0.3612,2018-07-03 08:32:36+00:00,-95
96,fox,0.0,1.0,0.0,0.0,2018-07-03 08:28:42+00:00,-96
97,fox,0.0,0.843,0.157,-0.6249,2018-07-03 08:27:09+00:00,-97
98,fox,0.0,1.0,0.0,0.0,2018-07-03 08:24:21+00:00,-98
99,fox,0.146,0.854,0.0,0.4404,2018-07-03 08:22:45+00:00,-99
